0,,0,0,0,0,0,0,0,0,0,0,0,0,0,0,0,0,0,0,0,0,0,0,0,0,0,0,0,0,0,0,0,0,0,0,0,0,0,0,0,0,0,0,0,0,0,0,0,0,0,0,0,0,0,0,0,0,0,0,0,0,0,0,0,0,0,0,0,0,0,0,0,0,0,0,0,0,0,0,0,0,0,0,0,0,0,0,0,0,0,0,0,0,0,0,0,0,0,0,0,0
0.002746147,,0.001703878,0.001865702,0.008360056,0.001078115,0.003887979,0.001294811,0.00103783,0.002085882,0.001481526,0.004826888,0.001221438,0.00176669,0.004538744,0.001411532,0.002527913,0.002665914,0.001299515,0.003987827,0.000753913,0.003101258,0.001959212,0.000548753,0.002920352,0.001281313,0.001776202,0.004493071,0.001693852,0.002961735,0.002179888,0.001009198,0.001964832,0.002375251,0.001527047,0.004000912,0.007888033,0.003031404,0.001591125,0.004932949,0.001240477,0.000630297,0.003123324,0.001794085,0.002490361,0.001155919,0.001101168,0.004038925,0.001673898,0.0004736,0.001026472,0.012553954,0.000875775,0.002187625,0.003907447,0.001164703,0.0016487,0.007525053,0.005827132,0.001336697,0.003280358,0.002775627,0.001196578,0.000506457,0.000883404,0.001802157,0.0085988,0.001586584,0.001420138,0.001230847,0.001493887,0.002397874,0.002545308,0.001503703,0.002024711,0.003998494,0.002136756,0.001180321,0.000862733,0.001043483,0.003724399,0.00093828,0.001900382,0.002774626,0.002916357,0.001060739,0.011768561,0.001932609,0.006280973,0.007867846,0.00479941,0.001335074,0.001050414,0.001959783,0.002628522,0.00299893,0.002295295,0.007184102,0.006157408,0.001558603,0.002384654,0.001821311
0.004331451,,0.002687445,0.001530053,0.01458063,0.007325326,0.010642556,0.001796928,0.007602191,0.002016688,0.002442443,0.002386923,0.008379183,0.00492729,0.002358633,0.0014293,0.002622371,0.00223489,0.001462399,0.009049418,0.008182917,0.00166942,0.003245774,0.002163199,0.003345989,0.001937708,0.001535236,0.004347108,0.001257891,0.007040827,0.002612147,0.003874825,0.001165532,0.004553262,0.000519621,0.004292763,0.006707579,0.000778703,0.003251856,0.006695673,0.002459934,0.001144913,0.004617496,0.004003854,0.000854685,0.00194609,0.000636901,0.004105896,0.002238913,0.00285763,0.003512301,0.015432677,0.002208721,0.005401766,0.003397876,0.00192928,0.006327556,0.004808513,0.008070892,0.003329801,0.002090429,0.009518317,0.002058331,0.005855295,0.002905636,0.000915005,0.006055816,0.000612301,0.00273253,0.001177496,0.004524534,0.001864561,0.002672626,0.003437073,0.000452947,0.004503278,0.002513494,0.004138313,0.001197616,0.001004301,0.003500091,0.003309225,0.009633892,0.004158374,0.001647087,0.00726648,0.01080261,0.003102116,0.002418038,0.005888005,0.001607403,0.000902813,0.001949818,0.010960713,0.005884612,0.002956269,0.003253327,0.020978269,0.014069701,0.001226926,0.02034382,0.003117266
0.005418705,,0.005511728,0.004252585,0.022868587,0.002285071,0.011285853,0.01175328,0.00508852,0.002173981,0.002030306,0.002379818,0.001939849,0.00844798,0.005387187,0.001003462,0.002769302,0.002950953,0.001971287,0.005326601,0.004830171,0.003979905,0.001443726,0.002674172,0.001575328,0.006571659,0.001741096,0.003215426,0.005121483,0.000831844,0.003977895,0.003978234,0.001024975,0.009720851,0.001366909,0.00940505,0.012350821,0.004675568,0.003873771,0.007248578,0.003120304,0.001213337,0.00730139,0.000975365,0.001207909,0.003050482,0.004325212,0.002041132,0.002307006,0.001039008,0.002877928,0.021202959,0.001403538,0.00895746,0.010364357,0.002286426,0.002805878,0.025306367,0.003301968,0.001554323,0.014230448,0.006014546,0.001172927,0.0058212,0.003775342,0.001812621,0.016223898,0.00251982,0.002119635,0.004511328,0.009935405,0.002431256,0.00271226,0.008013077,0.002184249,0.007548186,0.003987831,0.00356197,0.001566196,0.001616675,0.00693418,0.002965729,0.011384353,0.008872629,0.002575426,0.01633463,0.009886621,0.007290145,0.002547327,0.005720994,0.004812635,0.002522242,0.002255916,0.002608991,0.005625655,0.002858387,0.007325071,0.006376037,0.00177958,0.000712972,0.031284762,0.00176123
0.005633664,,0.007670679,0.001104546,0.01142287,0.005205495,0.01381617,0.012766184,0.007043084,0.001636696,0.002734748,0.001206357,0.006713013,0.005464405,0.00640589,0.001555758,0.001610879,0.002029326,0.001551679,0.003816058,0.003078861,0.002453962,0.001473668,0.007596209,0.001931766,0.010395468,0.001726946,0.003351751,0.002516497,0.004283416,0.002239954,0.008136934,0.002060829,0.009874338,0.000929783,0.010236402,0.003745107,0.010934705,0.001757096,0.011244298,0.002100486,0.001351603,0.003265373,0.00541999,0.00045695,0.001755329,0.002656916,0.007476408,0.006215765,0.000685175,0.001314671,0.012264596,0.002490376,0.007872738,0.004953849,0.001675852,0.003017379,0.001947279,0.004584175,0.004409902,0.010043371,0.011562035,0.002676558,0.003113445,0.002455732,0.00041845,0.035871152,0.008227175,0.002605286,0.003726582,0.012811303,0.003990522,0.002643836,0.003168366,0.003480934,0.006616727,0.009168096,0.00220214,0.004368563,0.003010262,0.003773136,0.002013682,0.009429319,0.00948035,0.002574267,0.006627419,0.002767654,0.003018946,0.005447194,0.011718482,0.000755875,0.002216846,0.000849397,0.011813397,0.004973225,0.001692285,0.002270028,0.008237708,0.005975083,0.000835476,0.062215782,0.002883645
0.006277035,,0.002537178,0.011723888,0.009472639,0.003491233,0.003600926,0.022175373,0.017088038,0.005374798,0.002849367,0.005225384,0.010054785,0.010140853,0.004572093,0.001415065,0.001680824,0.00371372,0.002277517,0.008856389,0.0063111,0.002086237,0.002445069,0.00799778,0.003326858,0.002936857,0.003364591,0.003439294,0.008328033,0.003961874,0.003169959,0.004195224,0.00220494,0.005954788,0.002296292,0.008139602,0.005160412,0.012363199,0.003385355,0.011506422,0.002592938,0.001943894,0.008986915,0.004064021,0.001050229,0.002494138,0.003455475,0.007819989,0.003877168,0.000788985,0.002473472,0.00624463,0.003360135,0.008799051,0.012925805,0.002350267,0.003634163,0.007191848,0.006245473,0.0032147,0.006633798,0.011090501,0.001123501,0.003587927,0.002853352,0.002613715,0.012106763,0.002983606,0.002349279,0.004345788,0.01162645,0.002029737,0.002309421,0.007237027,0.005837174,0.001946995,0.007129152,0.003806368,0.003286838,0.00165799,0.00398479,0.003683314,0.014254012,0.017265886,0.000767714,0.014116755,0.002793793,0.005201639,0.001380945,0.011906844,0.000953316,0.000550435,0.001439962,0.021618619,0.0046326,0.00272636,0.003123008,0.00340165,0.01583235,0.001604627,0.074666935,0.002905323
0.006190293,,0.002285399,0.005388114,0.011456522,0.00443107,0.006304409,0.009938441,0.015360516,0.002913356,0.00195103,0.004440747,0.005859914,0.010257168,0.003784905,0.003564786,0.000700101,0.004428389,0.002147607,0.005090061,0.007159583,0.001803432,0.003066957,0.005989783,0.003139523,0.006528934,0.001551141,0.00440034,0.009220397,0.004008152,0.002288497,0.011375546,0.005523231,0.014814977,0.002576121,0.00984296,0.008541841,0.007101205,0.006276094,0.006154076,0.002616796,0.002843406,0.005265946,0.004404402,0.002948784,0.00313645,0.004249347,0.015053252,0.00377598,0.002833957,0.002367552,0.006895612,0.001889264,0.004009387,0.008668418,0.003130243,0.001986448,0.007348754,0.009124799,0.010490507,0.004944448,0.006829254,0.00167592,0.010020343,0.004757549,0.003386158,0.014734143,0.009109977,0.002038054,0.002526724,0.010906097,0.002963043,0.003672468,0.002931154,0.002612992,0.003260132,0.010160319,0.003910458,0.003121418,0.002391443,0.005165819,0.004349112,0.01840678,0.01424894,0.006423875,0.005332654,0.016992524,0.006550895,0.001321206,0.007549624,0.002153096,0.004119029,0.001432932,0.003963405,0.002435355,0.005237432,0.004266051,0.010417113,0.010089013,0.002111836,0.053630941,0.002174959
0.008951759,,0.003088149,0.004537935,0.027068756,0.006193503,0.007459115,0.008192727,0.011908309,0.006195687,0.005216007,0.003499432,0.018472886,0.012125073,0.004023602,0.001899406,0.002306196,0.008411949,0.006144935,0.013334955,0.005072772,0.009602124,0.001679773,0.01230411,0.004478465,0.007663432,0.001176235,0.00867498,0.013239665,0.006711602,0.003072976,0.007292051,0.003338464,0.030620832,0.003613565,0.011627646,0.005752308,0.005587599,0.006316708,0.020008299,0.004247969,0.002532205,0.014499154,0.003099479,0.001816303,0.005151482,0.005085269,0.025050727,0.005427987,0.004090292,0.002951956,0.015043019,0.006664651,0.020727323,0.007858817,0.005683132,0.008885897,0.007922318,0.011683706,0.007639371,0.003907514,0.013237635,0.003626996,0.009599773,0.008740768,0.005484178,0.008368567,0.006904307,0.003400806,0.00782188,0.009352392,0.006051514,0.00425724,0.006386124,0.015738037,0.003534785,0.013197064,0.004452589,0.002780092,0.003219331,0.00303497,0.007902322,0.02270549,0.014423818,0.004480253,0.009581591,0.011633044,0.008641416,0.002742904,0.006561301,0.005163125,0.00201665,0.002102482,0.019115995,0.005878411,0.00589168,0.004578789,0.010744596,0.023434107,0.003493263,0.089362668,0.007652114
0.010191783,,0.003882177,0.01433298,0.010964347,0.00799759,0.019020983,0.012681487,0.021013936,0.00792041,0.001913143,0.006215089,0.020230392,0.011839366,0.019377869,0.003823599,0.005022077,0.003593242,0.002450322,0.007923281,0.014080135,0.004903654,0.00255779,0.009992318,0.004844941,0.003237242,0.004655889,0.011143373,0.013170105,0.012979809,0.009691512,0.006027065,0.007986574,0.010058188,0.002820665,0.018843243,0.011028706,0.037206755,0.005230119,0.020762385,0.00246489,0.010220591,0.008392356,0.015226086,0.001900788,0.002845815,0.004272242,0.020472454,0.011253085,0.001483443,0.005292917,0.023755446,0.004746294,0.007111029,0.014827397,0.008263786,0.001880024,0.024693047,0.017250345,0.015881276,0.009861264,0.013552026,0.004373774,0.011419742,0.009097316,0.00784993,0.014707292,0.009866675,0.002955871,0.003848967,0.014505966,0.013228776,0.002737794,0.004278916,0.004516972,0.014907157,0.013820939,0.004690927,0.003825874,0.002835901,0.007398905,0.005652299,0.019627905,0.017261324,0.003694157,0.010095892,0.003949687,0.006523022,0.003724474,0.011501435,0.002667605,0.003023402,0.004324898,0.021154717,0.005040172,0.00620982,0.023045813,0.009267289,0.013348858,0.001911307,0.066260625,0.01295651
0.010583652,,0.004834593,0.01176994,0.012498428,0.007553633,0.005868701,0.023836242,0.016318854,0.003380942,0.007176656,0.009148906,0.014588776,0.02091401,0.00612808,0.002426559,0.003940125,0.008775944,0.006898995,0.023746877,0.012512999,0.005072655,0.002838891,0.007769145,0.012941868,0.014211562,0.008397841,0.003575272,0.011712423,0.011178429,0.006702792,0.014822474,0.011877299,0.027289647,0.007848293,0.005296747,0.016426714,0.042385095,0.002791271,0.015314425,0.005275474,0.007787556,0.021465996,0.007703495,0.00227047,0.006117667,0.011462757,0.022790779,0.005377718,0.002834239,0.007400266,0.010649399,0.001915999,0.015040939,0.00880003,0.002381236,0.010679784,0.014037125,0.012857021,0.015412331,0.009204135,0.012685886,0.002050443,0.016424387,0.006908752,0.002975765,0.029383115,0.005774613,0.003557581,0.010678071,0.006371737,0.005887745,0.006381007,0.008766911,0.010513949,0.00938334,0.025056038,0.006349312,0.006978306,0.008238678,0.008383049,0.009370938,0.013867393,0.012613312,0.002371591,0.008820874,0.008360256,0.007602749,0.008476487,0.015772643,0.002996352,0.001987799,0.002748295,0.006378577,0.007663977,0.019883481,0.01356592,0.01462785,0.012768927,0.001880929,0.055511744,0.006109918
0.009527132,,0.007601561,0.006099884,0.029132923,0.006773295,0.010525446,0.009967922,0.007847636,0.004185602,0.002875729,0.00436772,0.024770798,0.015406383,0.011279541,0.003913868,0.005169375,0.004536309,0.005886762,0.00908591,0.005593939,0.012488244,0.005284352,0.010669254,0.00669859,0.005236972,0.005031231,0.005598982,0.008037385,0.014821583,0.004502704,0.005868974,0.002613986,0.008053355,0.002352273,0.010066865,0.006623821,0.020175486,0.005257712,0.015145412,0.004779136,0.0035294,0.022081168,0.005268362,0.002350591,0.00277118,0.00386564,0.009740663,0.00458519,0.004270553,0.004664034,0.012965756,0.004241749,0.012578421,0.009957815,0.004589809,0.015968271,0.023946684,0.008749988,0.028814418,0.01094217,0.007559791,0.004256114,0.012404094,0.007669681,0.004640851,0.014913249,0.012066243,0.00452799,0.003793447,0.007553235,0.023862098,0.010671233,0.008749577,0.010054686,0.004967615,0.010857478,0.008589918,0.003402377,0.004979777,0.004875702,0.007430131,0.012189898,0.010776013,0.004347933,0.020889964,0.015748438,0.006452818,0.013178104,0.010450558,0.00952124,0.004168824,0.002708963,0.022442421,0.005840529,0.014163187,0.012850127,0.012328856,0.013507496,0.001527946,0.049346866,0.002238989
0.010402757,,0.005635149,0.003876477,0.011534726,0.010042537,0.010622559,0.020464388,0.012393485,0.006831747,0.006414898,0.011322441,0.008499246,0.02044018,0.005996133,0.006535491,0.006381707,0.006969943,0.016104046,0.005928372,0.010903392,0.003811589,0.00389269,0.008690421,0.011665883,0.005511459,0.003591938,0.014958772,0.009340782,0.007740573,0.005522621,0.005701729,0.010035665,0.020326557,0.00283849,0.010748991,0.011767619,0.02073846,0.005766496,0.01472624,0.007389069,0.003401325,0.008085664,0.005302438,0.002464069,0.003076746,0.003742289,0.008911292,0.011666977,0.002729193,0.004909391,0.010548116,0.004471274,0.019994006,0.010210931,0.006184139,0.009401204,0.010054349,0.004982562,0.013041942,0.018396026,0.013238922,0.009070148,0.014591705,0.017525431,0.011076191,0.011747099,0.006476211,0.008549204,0.004137674,0.009431068,0.004484587,0.005456665,0.021686205,0.012684505,0.006000177,0.010047417,0.009883875,0.004350759,0.010026448,0.008168109,0.007243076,0.016480318,0.013169398,0.01097522,0.019733195,0.006006978,0.008318076,0.006129308,0.016697916,0.02091896,0.0076672,0.003047942,0.010783249,0.006205537,0.012906977,0.005151758,0.022129787,0.013977767,0.003129801,0.08734618,0.010387809
0.010315016,,0.006104913,0.003333416,0.032774182,0.022974998,0.021868955,0.018465639,0.033036745,0.003918863,0.006783243,0.005628916,0.006845525,0.034577669,0.008447873,0.011803405,0.002116954,0.007129331,0.00953772,0.003828794,0.004155425,0.009781737,0.012717589,0.015907153,0.017332988,0.011841178,0.010959014,0.009631815,0.006454791,0.009541455,0.007973652,0.005411939,0.00668438,0.027931407,0.001586145,0.012215567,0.016525642,0.009299261,0.003941106,0.013497812,0.004861857,0.005741456,0.020457799,0.009886722,0.005042138,0.002523727,0.004630475,0.01145893,0.008984709,0.002261764,0.003814048,0.024307049,0.004519558,0.017744334,0.010034144,0.004621516,0.005710233,0.014199834,0.01213094,0.012898841,0.005972184,0.00894348,0.005482598,0.018062189,0.017271981,0.002847968,0.015638137,0.011044171,0.004974535,0.004071565,0.008871803,0.011802186,0.004222177,0.005118603,0.007325708,0.009086279,0.007455259,0.003877723,0.006931926,0.00549667,0.005797,0.010095269,0.01632681,0.010774309,0.026058298,0.006133316,0.019621792,0.009175467,0.004200616,0.009053305,0.005270868,0.005836159,0.00825527,0.01270043,0.00511769,0.011209118,0.005593952,0.014676841,0.006742723,0.007246475,0.024174464,0.004546973
0.010635483,,0.002570312,0.004327641,0.03528131,0.006499507,0.019101518,0.018411949,0.021425358,0.014894451,0.006692804,0.011169415,0.005518724,0.025721212,0.019340934,0.007283994,0.010664274,0.003806232,0.011492103,0.012254244,0.009653828,0.003265882,0.016424465,0.006679833,0.006395218,0.011257429,0.005829636,0.010206929,0.003840519,0.016921192,0.002551358,0.008560944,0.002621276,0.012389041,0.005467904,0.005392921,0.008339212,0.009307071,0.0075303,0.03463639,0.00533554,0.006360218,0.00775263,0.01125688,0.004200064,0.006405476,0.003291831,0.01050707,0.010142561,0.00212699,0.011173237,0.00894662,0.002494912,0.010750853,0.014638944,0.012539247,0.00384544,0.012159984,0.010724327,0.014985202,0.007868664,0.006813993,0.002759956,0.0072845,0.005036471,0.002411818,0.01629333,0.017345957,0.003254818,0.007198466,0.006005613,0.012102211,0.008301304,0.018210233,0.013788967,0.00559217,0.008995755,0.007701344,0.00318828,0.006456321,0.002645559,0.006706034,0.014813903,0.023504211,0.00659259,0.022952901,0.006258003,0.005041409,0.011311371,0.014040337,0.026455124,0.007780318,0.004802486,0.01918243,0.008017152,0.021087494,0.004308565,0.012776705,0.01187509,0.001999788,0.059893101,0.01152817
0.010536435,,0.009289065,0.006011003,0.021664235,0.005009387,0.030527045,0.013943769,0.006321607,0.020881369,0.00669574,0.006624212,0.011271945,0.030292132,0.019097037,0.005512346,0.02883052,0.005901053,0.005464144,0.042812181,0.01058041,0.01129629,0.005965474,0.025474925,0.005752075,0.003658368,0.003067134,0.010354632,0.005366729,0.014341257,0.005447472,0.005324046,0.008790996,0.020218437,0.00367926,0.035612877,0.006387503,0.018752748,0.004391728,0.004496414,0.005221955,0.002876051,0.013281397,0.007614521,0.005683401,0.005547336,0.003631724,0.014095768,0.00507999,0.009715923,0.00525549,0.005610683,0.007644067,0.009665578,0.003706149,0.003487662,0.009957259,0.006250448,0.013763141,0.013324167,0.005428592,0.031936934,0.008707735,0.014603453,0.005723057,0.004441685,0.012563503,0.00709131,0.002381251,0.006840535,0.013125694,0.008831825,0.006850616,0.016379517,0.014191067,0.009396426,0.01965935,0.005746009,0.003098506,0.002482238,0.004587139,0.003865886,0.005312872,0.008114981,0.011801356,0.006052446,0.004396139,0.003827429,0.006250039,0.014620431,0.019467585,0.006539392,0.004996066,0.012233467,0.008246481,0.023716134,0.010854744,0.010064802,0.01312006,0.001998916,0.028004061,0.009573531
0.014526098,,0.013509404,0.011287132,0.138187587,0.008720665,0.031229255,0.014812684,0.016625567,0.009501913,0.004226478,0.006403795,0.006361946,0.0329455,0.019157948,0.004767365,0.028231048,0.005835491,0.00642218,0.017627335,0.011810091,0.005583348,0.024248701,0.012906585,0.01331562,0.013435687,0.005342191,0.011090738,0.014891579,0.022679661,0.006875069,0.01399363,0.007246256,0.014307557,0.009016185,0.066965743,0.007210764,0.009421629,0.006744019,0.012505985,0.019172808,0.011560053,0.013858283,0.007256311,0.008937732,0.005105205,0.003243615,0.009173325,0.003718586,0.004563641,0.006761513,0.011253165,0.002703853,0.010614746,0.006720493,0.024905911,0.01261671,0.012243012,0.013073153,0.024984977,0.023130511,0.018583261,0.009514075,0.019919091,0.005487567,0.006443775,0.023032207,0.007918469,0.004840497,0.041315282,0.004702315,0.011063716,0.015358858,0.003580603,0.018298295,0.02705374,0.005944316,0.004976162,0.004117218,0.002794912,0.006539156,0.002896277,0.014461539,0.011535853,0.011576718,0.016887153,0.005614694,0.02332426,0.002422001,0.020929956,0.012999406,0.031788938,0.010786006,0.017880365,0.019298014,0.023701067,0.007089412,0.006776082,0.011269038,0.00261107,0.052292154,0.003944368
0.020944017,,0.012776671,0.007326967,0.071633574,0.006860936,0.046976906,0.025862986,0.019246282,0.017752447,0.005548182,0.011610689,0.018763812,0.08585358,0.017342652,0.004396748,0.084531706,0.00405323,0.018405199,0.021727923,0.01098295,0.005447356,0.076372189,0.023598938,0.007194914,0.013632649,0.019441289,0.018806388,0.01950337,0.015384785,0.001715704,0.015041943,0.018225383,0.028002221,0.008948662,0.024694233,0.006344145,0.008642829,0.011483905,0.049615307,0.018768287,0.053076254,0.031539261,0.003546596,0.003703324,0.011392551,0.012626199,0.04381666,0.003013649,0.007943868,0.012690079,0.024000809,0.008208869,0.01742237,0.007356191,0.028623033,0.008709776,0.0146693,0.036960155,0.050146897,0.018691339,0.028392239,0.008622686,0.03145987,0.012523845,0.01885226,0.066773242,0.00830323,0.005732398,0.047680271,0.016980704,0.008260316,0.01104417,0.015340314,0.009131479,0.010901409,0.011813886,0.078867424,0.004253397,0.003696944,0.0160852,0.003074854,0.009940098,0.050139586,0.005491511,0.017540221,0.027246494,0.017576605,0.004990381,0.015682414,0.016079125,0.031113013,0.004645651,0.005114593,0.011676923,0.022530386,0.026271879,0.01875347,0.046095805,0.002666834,0.056478931,0.005922533
0.044931509,,0.023343963,0.013074597,0.053220956,0.015773712,0.261056788,0.013913028,0.063215694,0.019363019,0.02927371,0.00598788,0.177632553,0.022586755,0.023637875,0.008809233,0.04694583,0.111857646,0.013219206,0.189137893,0.090577568,0.007151762,0.027882154,0.033534464,0.03415273,0.009459703,0.033509178,0.005718068,0.018639838,0.020069466,0.002401402,0.01888585,0.009192723,0.061316554,0.014747479,0.164073917,0.014123136,0.073915616,0.021795716,0.024678043,0.012147043,0.039643108,0.037165408,0.104736596,0.005523325,0.24718411,0.007657192,0.093721256,0.006129576,0.020562958,0.009740872,0.028085808,0.019345412,0.015985371,0.027629583,0.092180192,0.017025575,0.081500453,0.024924209,0.057073453,0.062444867,0.027685039,0.006585511,0.032063599,0.014055339,0.040010869,0.193577624,0.01142775,0.009014506,0.055359123,0.03642456,0.061158648,0.040258622,0.010645012,0.020267042,0.012745202,0.107318264,0.081253533,0.010593132,0.007359485,0.021069195,0.011424562,0.076903099,0.067941565,0.024690436,0.03777354,0.018933363,0.017925715,0.044566369,0.0488017,0.048169942,0.037860021,0.015624103,0.103721495,0.05036618,0.047131628,0.028798676,0.088404516,0.013154887,0.004882471,0.103948887,0.014973658
0.168438473,,0.025147722,0.046655572,0.831026601,0.16965233,1.390384182,0.095866764,0.420076236,0.049623541,0.116656212,0.044004921,0.353377615,0.209761755,0.229051905,0.020874816,0.111583793,0.730417591,0.021338713,0.338809047,0.141376521,0.060398131,0.057036983,0.171115892,0.01352569,0.029379123,0.081625395,0.025438712,0.023818459,0.076439856,0.005908815,0.059908855,0.013013796,0.066455762,0.038953611,0.115642717,0.067685769,0.409309053,0.060112377,0.119827951,0.080734647,0.150264374,0.103107147,0.617580248,0.012686543,0.138174348,0.022716683,0.133695193,0.01596702,0.132596189,0.010817217,0.014973828,0.161360632,0.188208403,0.389858184,0.067772953,0.013316882,0.025977293,0.033688584,0.125756614,0.132162973,0.057517823,0.042853886,0.270838815,0.012928922,0.117463955,0.358614629,0.17641877,0.257755465,0.912129705,0.464384658,1.373862613,0.085651164,0.036850702,0.097067089,0.02915281,0.137121255,0.291236585,0.013752294,0.021785315,0.028877341,0.038970883,0.284249325,0.023230594,0.164439343,0.023015897,0.148557967,0.057482562,0.112186112,0.150677273,0.096647761,0.218619299,0.168202515,0.180735198,0.11387479,0.286892392,0.063040686,0.106377827,0.12490008,0.015783033,0.183339655,0.083661558
0.592891514,,0.297311598,0.539227667,2.584825404,1.140737454,0.971365022,0.760038193,0.374373607,0.102254476,0.823997,0.271446052,0.309477029,2.392097222,0.451977818,0.151278501,0.240195746,1.083712282,0.287527902,1.212065604,0.777489295,0.50370825,0.582016042,0.443305134,0.307825496,0.082763342,0.170299713,0.032824031,0.935056592,0.123003508,0.031694783,0.271104208,0.012059888,0.43517104,0.441157377,1.437320728,0.768161057,1.165916969,0.147230152,0.242610013,0.637623998,0.499180188,2.198213683,3.998141257,0.093485465,0.088453526,0.702070568,0.467599207,0.030008862,0.89880183,0.056576787,0.221076089,0.526975316,2.253028951,1.007821507,0.483316405,0.207085262,0.340185764,0.103141615,0.246979801,0.951964986,0.409172543,0.628596733,0.897879162,0.437503981,0.229477189,1.897341631,0.317245081,0.580596273,2.934884437,1.413363529,0.726843803,0.213551138,0.089867668,0.419544648,0.488989386,0.216086238,0.650977802,0.026065725,0.062748608,0.15532157,0.162395723,0.590806197,0.024230628,0.105138,0.112248765,0.409411504,0.447841314,0.44193448,0.513148968,0.436100034,1.169773808,0.149006174,0.577416468,0.839436425,0.603435016,0.105344157,0.375971831,0.098086826,0.027737938,0.158095125,0.229177587
2.110906632,,1.555877273,1.132548309,7.43414157,5.114517088,4.754532526,3.386427136,1.926862966,0.210917618,3.075526292,0.243160501,0.885726565,8.128358529,3.33208106,0.147099214,1.418892887,2.92496121,6.368549007,4.381550024,4.528217971,1.519704457,2.578056478,0.208321992,1.610933718,0.071299211,2.415783382,0.062575564,1.800458595,1.054488404,0.051592777,0.64825419,0.134057921,1.585368412,3.814394472,2.866072282,3.172635454,1.367210725,1.177301524,0.166902943,0.924544085,1.496371144,4.579843361,6.105219334,1.493221069,0.063981571,2.272818753,0.34500444,0.682598003,3.639552522,0.07333049,0.867884748,1.991470001,5.123204927,1.163812919,1.64462207,0.3071541,1.42131843,0.12517557,0.565498646,1.605276688,1.703038359,2.300529111,4.233771252,2.792146473,1.221271086,9.826046067,2.440792031,3.490219606,11.15077062,6.318235638,2.030135298,1.282785578,0.800430619,2.125607018,0.460582277,0.971934533,1.499337503,0.150344333,0.474795931,1.331748079,0.809442167,3.688290411,0.342455691,0.426011123,0.583404603,0.718087791,1.805620952,0.345411666,3.215367954,1.804816028,1.364549372,0.890961923,3.718744519,5.339063188,1.113796509,0.881256552,1.34934621,0.624499307,0.017232454,0.35045491,1.350065295
7.833320677,,1.604333221,2.868751048,24.84086222,19.1956414,7.50837601,8.012658591,2.576260018,0.748875233,4.993621245,1.71383859,4.62115266,62.38335385,4.275747764,2.629872991,5.028766449,10.78328255,15.81209325,11.87986775,14.19194454,5.854891667,18.09922804,2.768486629,2.632243186,0.604821139,4.725646146,0.42976181,8.302539442,2.776505842,0.244939289,2.090517683,1.548622019,1.560126794,10.7385744,6.233062948,11.45866006,8.621266015,1.951842449,2.099615814,4.126021393,4.73843357,17.76886265,10.15598254,3.519083514,0.206842367,4.661820809,4.109601508,2.682843698,5.141733874,0.476257471,0.803788292,8.946422979,19.40564713,2.608841416,11.86489202,0.972758478,4.512193698,1.475523162,3.891292996,2.936532052,2.016959854,16.55224056,18.80768192,8.554954528,0.956864727,74.20998981,10.55369738,8.73734986,58.58920941,9.395129037,6.613364226,3.159852647,1.945325251,7.905637661,0.524107056,1.899223118,9.667800669,1.127414605,2.420875529,4.538220769,3.765902818,5.666408852,0.796721127,1.055020844,2.384857601,7.166114336,2.279528928,3.331277422,15.33739069,12.89038911,2.149434163,6.332177331,15.63980086,29.28012504,4.73290478,0.749671209,1.759937267,2.210107175,0.097093193,1.047064718,3.068215261
16.57322541,,1.546111601,12.25512254,19.66497442,16.62393217,37.58981772,7.127921376,3.946274568,5.499470728,11.86699665,4.49744271,11.56449509,38.27625275,12.31602253,2.952706894,28.09899898,42.40365374,21.47889316,10.34616998,97.40008218,22.57468338,10.41007737,7.725173976,6.128469134,2.196534318,18.36860279,2.727326769,35.4660235,4.484224467,0.520262331,4.896337242,7.076775688,3.628820751,10.73425881,13.71014305,35.71276913,21.14157301,5.752547028,4.10307201,8.736547341,17.38697717,10.99383667,19.09855192,31.12532135,1.045930538,6.542170531,6.809475594,15.70134982,6.352564292,1.974949829,3.44575414,33.41808228,38.16953817,6.349919208,61.68958101,4.882508295,20.57983024,8.683128859,3.836878381,10.2289423,8.766504592,29.23736809,37.43117815,41.47523223,2.456783383,56.80076625,33.45010947,15.94489417,82.97882002,28.02208996,16.030866,4.552285114,2.138575051,9.160376743,3.505072098,3.733164804,17.6719682,2.508868167,5.246761639,5.24543249,2.865084164,20.58502795,1.305654837,9.819642017,4.490584583,11.5756519,5.977991543,8.837219839,56.99324774,36.39905931,4.223394201,11.02939847,25.54982097,79.12338097,4.587361902,6.446936171,5.730011541,6.081048256,0.146423751,15.26308588,14.07054612
23.27645832,,9.388326085,12.19181075,68.22194545,12.55632197,13.47415691,5.507688112,4.522925495,7.324258976,11.0422193,2.409192442,38.02407842,27.90183627,16.54370858,6.284653129,6.05552469,34.79529451,65.5326778,33.91633591,70.05249039,48.91575461,18.77378239,3.302192388,34.27319016,2.634533479,48.46137559,5.562973415,66.17877666,3.554197335,0.22733766,21.67435776,9.740543262,4.361203187,14.13984701,37.94400323,22.19761221,16.45712488,5.900802463,8.028949133,9.428946875,7.14089403,19.12501799,19.29695861,14.45775673,1.126665321,14.70708506,23.07854227,8.366268057,9.829781491,5.103558781,11.73402081,17.81676777,54.86014871,6.746517792,108.5345088,21.13186442,37.19965816,17.91460907,1.910517253,14.42191346,5.286750433,28.62382754,27.40863961,163.9684134,2.497878298,63.95932478,13.09924176,20.41767366,85.60570237,35.48886975,18.1522388,3.28890555,6.462328533,26.4107499,7.538069816,4.207069287,9.834491682,5.446401426,20.67947602,3.429712189,1.888424004,25.47605594,1.35222422,20.89624798,10.18161084,17.42028531,7.543126436,11.02768895,108.1297115,142.6091065,1.957140304,14.9010508,44.43317033,36.29232218,2.304852968,12.80660915,10.87075207,21.85153946,0.269571109,11.34262669,30.27994718
