0.0,0.0,0.0,0.0,0.0,0.0,0.0,0.0,0.0,0.0,0.0,0.0,0.0,0.0,0.0,0.0,0.0,0.0,0.0,0.0,0.0,0.0,0.0,0.0,0.0,0.0,0.0,0.0,0.0,0.0,0.0,0.0,0.0,0.0,0.0,0.0,0.0,0.0,0.0,0.0,0.0,0.0,0.0,0.0,0.0,0.0,0.0,0.0,0.0,0.0,0.0,0.0,0.0,0.0,0.0,0.0,0.0,0.0,0.0,0.0,0.0,0.0,0.0,0.0,0.0,0.0,0.0,0.0,0.0,0.0,0.0,0.0,0.0,0.0,0.0,0.0,0.0,0.0,0.0,0.0,0.0,0.0,0.0,0.0,0.0,0.0,0.0,0.0,0.0,0.0,0.0,0.0,0.0,0.0,0.0,0.0,0.0,0.0,0.0,0.0
0.0017783122799988214,0.0008221733505262534,0.0004760836437090672,0.0009143598921010626,0.0007640069998631084,0.0010524538314984494,0.0018221472489380758,0.0022479580850228577,0.0013516051535724769,0.0012055505391721673,0.0009423244145154606,0.0007727462450044781,0.002854089639111151,0.0011826546574056156,0.0009855454192549762,0.0005291829750383016,0.0014878548220496827,0.0011894728687624149,0.0012098900051089544,0.000576913773937169,0.0009353367763657931,0.0018647894589146681,0.0013756362479888048,0.0007924262729997662,0.0009161990113756235,0.0010569362837888863,0.0015918128481774883,0.002015110229134655,0.0004684777653319237,0.0008535050917193703,0.0014192006844405414,0.0010489643310267872,0.000696231442931365,0.0003531009835791984,0.0009564999849634377,0.001325406585895115,0.0012455668628032442,0.0016807264301212093,0.0016175951182424472,0.0018741293184242112,0.0015045450401874945,0.001675578843787961,0.0006403665940752922,0.0010346194180860923,0.0015273694182125817,0.0008705246807967557,0.0014002472391840975,0.001131927990376484,0.0009856827277400428,0.0009915576013121855,0.001098659474278663,0.0006055499944144342,0.0006222671655313996,0.0009594256617723698,0.001017996040591753,0.0014634526353975918,0.0006613441460081281,0.0023742557418923735,0.00048409682363715066,0.0010948602400177529,0.0006263233318636942,0.001437987321320063,0.0005654276122982587,0.0009949149193039116,0.0009876193163630565,0.0008220596819401202,0.0018790877855752479,0.0011051215626391529,0.0016187839396678652,0.0011953760136048073,0.0012433660566204428,0.001970725662640698,0.0033639582434590817,0.0005192647362917089,0.0008952089319316453,0.0011890074129401657,0.0006645528707473731,0.0011473515914519371,0.0007854172849827039,0.0008768007032940656,0.0015966150249034571,0.001970136905321726,0.0015649004978446283,0.0005325080239918018,0.0011379580038288419,0.0004672167924865406,0.0007182246086810959,0.0008126628704817128,0.0019720140023749906,0.0006371363151742895,0.00145144775939543,0.0013393742267280811,0.0007762056849240982,0.0009558459688965866,0.0009624458883905978,0.0003732643287122632,0.0024646889128065084,0.00045265638399176965,0.0017495018883086047,0.0014276866679863848
0.0016276209927583508,0.0003772356699158673,0.000664438298511196,0.00030297280625788585,0.0002969116060846335,0.0005271668585098229,0.001195360105378682,0.0014184686959253577,0.0011910161207223954,0.0009276361510405146,0.000871736175593665,0.0025611951263409785,0.002238163361684074,0.0021825484667108083,0.001561588058044058,0.0007744125607543394,0.0008399363958551628,0.0013297411118403065,0.0005343954694682188,0.00207463476041288,0.0004878995814441251,0.0022943712941929624,0.0003465835039187996,0.0007866393099637392,0.0009493285256323848,0.0017571836732516541,0.003997521764507749,0.0014733233526023452,0.0010954377850974867,0.0024094113885643345,0.001364999079265613,0.0008906913200648077,0.0016397770258552208,0.0005185095013580769,0.0012171341741319271,0.0009759936821307926,0.000295208247060328,0.001497028097703349,0.0016905989540239282,0.0020866353197461916,0.00047719592646419955,0.0008788779603966597,0.001310524815059657,0.0006772705552045345,0.0014042651909908729,0.0006906078459206324,0.0012229735283698744,0.0019687767737408077,0.0009389103428598817,0.0013433634382902944,0.002063666957100243,0.00046014259889242705,0.0011632705342342893,0.0004985627217488887,0.0008502770478607693,0.0011996009044929882,0.0015826081933850934,0.0014478377417020158,0.000862028693986815,0.0012229199952388963,0.0011734814733120238,0.0012930570266714082,0.0009231339565819355,0.0006504471206711586,0.0011251917338235985,0.0011569476035711576,0.0020564183785879916,0.0016782335822524848,0.0011172768390828925,0.0011379918235690143,0.0012061006373419393,0.0007602901042739101,0.001580022680822903,0.0006425241089744651,0.0007883649806201324,0.0021121436456819965,0.0015946409950141284,0.0007705161068412776,0.00024333292051007883,0.0010674072677312664,0.00040816468167275717,0.000805269187709993,0.00031777625743484056,0.0006284828353280655,0.0009433413642210684,0.0019353229326357299,0.0007711828593539872,0.0017852444853256777,0.002398556471136063,0.0008369576480736404,0.0016027202119681678,0.001727015490516412,0.0006567650924924669,0.0012701084419174291,0.0009707325937252877,0.0026321825446039603,0.0016660833862559607,0.0018486233588360464,0.0006942052240805506,0.0023195249627738683
0.0019661741811464704,0.0011200541392909337,0.0008016239595258969,0.0013149958408168597,0.0006604738253083451,0.001122882927680689,0.000758482715599127,0.00033292530242062953,0.0004519147755632062,0.000659652783545186,0.00043507171095932893,0.00047588595452365445,0.0015740879169311665,0.0018670927485092863,0.000567789788865097,0.0017385487077718523,0.0008147949503867263,0.00150428465849355,0.0013459936160566902,0.0011610639420555418,0.0025305519205376676,0.0008530875006028768,0.0005947645332631858,0.0013901089919253929,0.002950559826042556,0.0005072285618417616,0.0015040875349385087,0.0009930552206080469,0.0011428534262272702,0.0015138362242591585,0.0006563204125062049,0.0020488764705480097,0.000652917280168608,0.0004918947588155112,0.0012873218430210728,0.0009400430740758345,0.0014803374262607034,0.0012725046403724214,0.003581780349091894,0.001389018330555211,0.0003544056565836002,0.0038403166131641075,0.0005187426902865803,0.0007942132080869357,0.0017876432802266789,0.0009747610248212907,0.0027807525961205874,0.001302283688011033,0.0011334516798996704,0.0016205898245263972,0.0004587226584663027,0.0009652155776264517,0.0027456126817783184,0.0007200593249547097,0.000916180516884314,0.0005198746172153153,0.00040583994605059655,0.0007669232953349906,0.0004994534194891117,0.001924311251148001,0.0016351073403750062,0.000940403843762164,0.00208160857044568,0.0005158360984983603,0.0007677612668262484,0.0013606117356880579,0.0007380814189780248,0.002107999925162694,0.0011823449854156212,0.0028387087866045537,0.00037432030558445166,0.0020600498694009896,0.0016388679229051078,0.0013837034299382907,0.0010575047330208763,0.0005939997811292146,0.0006588880230443315,0.001540686919418841,0.001008722514556465,0.001414072258482518,0.0008823600600581006,0.000904202197719323,0.0004534596087127432,0.0005775611736433816,0.0012748739889772477,0.0027315526572777595,0.0009412115146297523,0.000522372327073957,0.0013331400713850433,0.0008892603957867088,0.0009334479327102169,0.0006179670640453961,0.0009755682415767271,0.0031140707722490677,0.0008722698336356638,0.00224156081536986,0.001047732356529571,0.00048279696176789516,0.0013157840989409472,0.0021788545560549924
0.0017684838331646505,0.0010298700852261848,0.0005690032560642073,0.0003853183165219519,0.00031975151452294195,0.001478000041643037,0.0016104425890081067,0.0009096227286517875,0.0028954884578949536,0.00042244822309360513,0.0008620014532434269,0.001602350944004277,0.0012217548922238957,0.0010198031395415462,0.00338060937870743,0.0015554609077107781,0.0007761602732339522,0.001675957629987142,0.002268871993900837,0.0004816884584216401,0.0024359269312390665,0.0020523870785328314,0.0011922403700091483,0.0007022691144284812,0.0016926399488084902,0.0009835785374064506,0.0017090456083194627,0.0012869976820918062,0.0005747122620933674,0.0008652767797969602,0.00032380726525712075,0.001057994701601702,0.0008494355410655561,0.001132297978384819,0.001851450126231161,0.001267843861828219,0.0013750188140591688,0.001005286173518735,0.0011215268367417994,0.0005652639121174841,0.0011608699634845052,0.0021603037729327154,0.000855317973035753,0.0008639644621661315,0.0007563193419826763,0.0007037442676556968,0.001795409108159503,0.0009146652949386201,0.0007025572301778172,0.001154200047964403,0.0005391440835305038,0.0005046959352370759,0.0021982342074268546,0.0006375967544006864,0.0016203451222983522,0.001508551282943073,0.0005597485548903137,0.0005193710305882148,0.00033969104831087666,0.0005159041563924991,0.0009474532703471818,0.0004575615928778129,0.0007987009660326291,0.002226397105706063,0.0011041936831089044,0.0008851051955895573,0.0017219638040125934,0.0029510484440045445,0.002071852799499098,0.0015504183919676248,0.0010048920201100261,0.0017910233183554645,0.001885006229811891,0.0005845980189255605,0.001202155524374112,0.0002868650034707629,0.0006396595238542976,0.00031540794757624,0.0002639809262259604,0.0011822375967276905,0.0007292524365121585,0.0006706949302301747,0.0008840746033570142,0.0007265619746429856,0.0008655834628262059,0.0013684465559433338,0.0021104405595820486,0.0007290155405256667,0.0015480612856493257,0.00048575451911804686,0.0003354334516217168,0.0008053903043559454,0.0015477531953479715,0.0008212669171051629,0.0014386665796395281,0.002811904713642491,0.0004804301725106777,0.0007746790604494905,0.0007553406854243862,0.0012677773505143431
0.0005449232157240119,0.001518985893066261,0.0007536965679626169,0.0005139594669190884,0.0018855287534731459,0.0012306546398802437,0.0011308304212728746,0.0013708478441606174,0.0013384231495029806,0.001016418832037799,0.001179474164262318,0.000725143912427512,0.002566770544849921,0.0018458750855200122,0.0016493691397084346,0.001673152517874252,0.0011751831020176406,0.002647809338784876,0.001341417251672532,0.0013613935347230697,0.002228937261380899,0.0021276499956507772,0.0011995759055956413,0.0008159581262980063,0.0015330915890804054,0.0004196336015239699,0.002686731766989029,0.0012675540226423387,0.0014165882590387333,0.0011976480812432592,0.0013099344035457585,0.0004922910974097062,0.0011815510561459484,0.0006261450382378478,0.001521445955351386,0.0014163330523262864,0.0006406789932268024,0.0014823467026167782,0.0005984613459323183,0.0014075510212971905,0.00105835293105248,0.0018583053490401152,0.0007184050249251272,0.0005372124549675681,0.0011980078434689256,0.002202956717798877,0.0008698703050776077,0.0018604188386001318,0.0007310891369814505,0.0005383644752224632,0.0017186334868077866,0.001038999200272713,0.001863261742348676,0.001081817870467402,0.0031777655783059226,0.0013176192204133155,0.0012145932778365783,0.0018047850445799775,0.002559330628464549,0.001320917560570019,0.0012680470156873022,0.0022827547352122952,0.0007595998109860739,0.0027031796166132067,0.0005497934027045518,0.0005584486745323136,0.0016719372879133811,0.0012544937962542906,0.0005479983459527782,0.0017695096571517385,0.0012138073748338312,0.0005387214219857984,0.0020377407853195187,0.0014809828874216148,0.0020140937155603603,0.0017996021024918386,0.001257337118764695,0.0005783447276217624,0.0008349262593070619,0.0008786283396863271,0.0013477255927832948,0.0008021698465513003,0.0012931756315728731,0.0010416670119120107,0.0014274653998892987,0.0025462048473665747,0.0007747109588737697,0.00071201256771906,0.001666270866749559,0.0005161962176146105,0.0006415848753215941,0.0011328525974693719,0.0008841410099989659,0.0008374476433694723,0.0005631215123037454,0.002141941602443856,0.0025842766032844735,0.0009878267384732732,0.0007642602028993,0.0021290952322905736
0.0024731654434483703,0.0019983863481654314,0.0016105189804747507,0.0016833666944141657,0.0008860489732788966,0.0016843390096257299,0.001191944131304946,0.001840780603482127,0.0007628710488690168,0.0017602478456832172,0.0016501241854135068,0.0008673647802384704,0.004271503999469766,0.0011227526633426827,0.0025183282972177532,0.0025422648498562082,0.001770570088968057,0.0019214383076359277,0.0016928395592899596,0.003613823139956411,0.0010706665412414836,0.003010395700668084,0.003405600210403775,0.002542150406418618,0.0019886574750750193,0.00118067210595685,0.005134499015457254,0.0007568329594220807,0.0009586910794674375,0.002336663293463572,0.001567076835441767,0.0011417092988495455,0.0017931222434384888,0.000854999169178359,0.002120053762474122,0.001057887088313455,0.001044001751203783,0.001437541316617016,0.0023215152183200466,0.0013478331956470768,0.0015490164426338266,0.0009216844158562032,0.0009693796575700956,0.0005802150118721009,0.0009833179084640933,0.0026750259338441293,0.0030467991926666875,0.0023230960569179037,0.002875864308850119,0.0013084121246797263,0.0007848444546467699,0.0017719848145040327,0.0008905175726853737,0.0007878507505363171,0.001031695371714716,0.0007978988156989136,0.002641321197184724,0.0021988307143117327,0.0014002322213869185,0.0018191839753413754,0.0007809564365888331,0.0007005183422938881,0.0010411379426087332,0.0017981264980989696,0.002157979424188433,0.0017549840784658606,0.0011086992437344876,0.002094729052594336,0.003199460862920791,0.0009975676287968826,0.0018324344903129575,0.0024293463441346272,0.002385066750814258,0.0011849728548907477,0.0018642156045962056,0.0010866209148152766,0.0008331547978871416,0.003629952007778735,0.0012774618287241298,0.0009018355514581581,0.002166674372254845,0.0027974585671719718,0.0012301613067709635,0.0014829044253355196,0.000891713303105342,0.0032904423881926293,0.0006286490595153655,0.0036166332240191424,0.003510435818095315,0.002150799612610957,0.002236179329906832,0.0027674055021572213,0.0019859743908379407,0.0024184789155826986,0.0015663921279968867,0.0012374836644772444,0.000988842334188196,0.0006134874569978747,0.001605767675680595,0.001043215002467162
0.0010460380160662143,0.0019298847683298919,0.0022420081505574057,0.0018453466770031117,0.0026364383350480822,0.004703777661899171,0.0030961462270849434,0.002022366953923463,0.002781223053924692,0.001323781781870833,0.0020247981731411407,0.0013790252690679978,0.0055721592691231284,0.0009876516968952704,0.00514639878170108,0.00202528494575063,0.0010248856672786094,0.0015745270425803312,0.002877452430662607,0.0008857388055203824,0.004424279977048092,0.003034895282196389,0.001351908021380888,0.0015513434176294037,0.002132967013365438,0.001616897783861586,0.004612175939744314,0.0020535937034156988,0.0018988243905327842,0.0022115865036697042,0.0025540179887799785,0.0011153746223479739,0.0027664587214111126,0.0025406122071189143,0.001553054134676119,0.0019627591709436435,0.0030837167755074233,0.0020187193554829313,0.0017005722899630918,0.0032057581537915693,0.00143939783571986,0.0016551310009803373,0.00209614963668271,0.0007480623888119618,0.00252616443781165,0.004813134041821136,0.00469763422725972,0.0022377949777070776,0.002649332247495758,0.0047476582281978305,0.0037380563059525797,0.0012814806383593296,0.000802772911523943,0.0020582529347539904,0.0025284953453372574,0.0014641801238870374,0.004786420020588616,0.0037625184488180997,0.004723660863119298,0.002326875321958154,0.0017845615845151735,0.0025317715188450745,0.002342878463125494,0.002931218814765439,0.001627172280420986,0.0015431400420081605,0.002472245456191346,0.0037454147679225566,0.0018900357276147755,0.003081106064245586,0.002088547406221277,0.001945849117603107,0.0031345188002902514,0.0008149386724638265,0.0017143114871794826,0.004723813159063718,0.00132379406787402,0.0030808749663700746,0.002788645444608469,0.0024319177028046843,0.0016676009456124102,0.003528529754687208,0.0032174855532204364,0.002250662401366414,0.0019226985180491713,0.0061591573163476245,0.0018861579089274186,0.0025935609705511503,0.004049277662959772,0.002618071527849232,0.0019034722357452398,0.002445561638370097,0.002834683882592646,0.0034086332460475837,0.0040436650849267446,0.003031097392392842,0.004636454216337523,0.0029944069248216115,0.0025649942262319764,0.0018015434177484112
0.006393016210921679,0.002212183350104604,0.011640021903623047,0.0020798007989726174,0.0033587305059654075,0.0025088162412379373,0.004924042716675,0.0019553058856150544,0.0031547569971852453,0.0022666945292608323,0.006367041434660701,0.0019593703402661796,0.004119849919623537,0.0030615298972493845,0.014445814703168884,0.009795530856492988,0.0017848624392490667,0.004246475301443255,0.007747665201676366,0.00463312826625745,0.0031061240326834463,0.006876928467411385,0.00403396518011589,0.0009584321288483513,0.002243165642801435,0.003220607322701425,0.007374995427228921,0.0050911843295713384,0.004977358691528803,0.0026327633353098964,0.003100567763125152,0.003745132706407197,0.004608096046264516,0.0013880492455140211,0.003820847753847317,0.0020821179451484834,0.0015023918845032225,0.0017317201484213026,0.004378662239895197,0.0036320059578420173,0.0017978419584627652,0.0030326343411864885,0.0026185048077423875,0.0019107260416243025,0.002102672472819699,0.002701832330215476,0.0023791518857753614,0.0018542310758488563,0.008539830061529797,0.002406714938792593,0.003376657549584665,0.0014322936871061292,0.004614036255152399,0.00488884539309836,0.01109332877735536,0.00272364805800338,0.0031519218740943245,0.009456826675749666,0.004832075131372995,0.009705071348833642,0.0035129686263099895,0.001612268795268046,0.0031764726202743216,0.0014933161312090885,0.0029416305178740733,0.005337983820476783,0.007458310248019324,0.0029711340781576317,0.0033482490346925507,0.0019750267574670842,0.003442609519697093,0.003996679016199101,0.011206995919685646,0.0017405281468286149,0.004356383788889424,0.0016292709966845296,0.0016559750938569874,0.0018327613511650936,0.0027013182341896194,0.002534327881765192,0.007482431560101929,0.003665466379875436,0.0028792450513599596,0.002444450358780628,0.003541849699278735,0.007406349107040235,0.00294733948218773,0.0035092136714708053,0.003016407638161741,0.0016495532149079447,0.002429652160311779,0.00718768590763856,0.002746088651675861,0.003350220867754122,0.0036432031912785427,0.002436157631192976,0.0028292132946473223,0.003956111722303463,0.0020941948059464647,0.005353093505243216
0.006599575822628324,0.011716133011525567,0.006496688149649198,0.0011243096606244568,0.0035548698701749833,0.009690467787289301,0.004841199334311355,0.002670215173531843,0.002461634743722166,0.0019726246662082596,0.0026533892010512116,0.015433354317974697,0.01609670349996185,0.003098474298071132,0.003247258805569389,0.0071594405723818064,0.005443585194720892,0.003277405387230512,0.0063649060213312935,0.001623345974898407,0.0019395763552413725,0.009107221119645108,0.0016078417205853076,0.0034545316769717884,0.009325067712588607,0.004710684621799871,0.0029542146565022733,0.0032959409839542365,0.005752254213767898,0.006376374480782957,0.0027165570887749883,0.0048426012099394775,0.0037353671693079156,0.0020626336249296856,0.003907330814292519,0.0018013014831251607,0.0068134866681781436,0.0020347139148216187,0.006672652114098499,0.005032954073806198,0.002881257003351168,0.008101771979164932,0.011049831919531019,0.005254433727052799,0.0021218367010151728,0.004401294739915397,0.008102326907408353,0.004884766376714006,0.005616360115247487,0.006254697738270111,0.0027923644240931324,0.0043199902075073985,0.008290218329513504,0.007136301344763979,0.017130947034514475,0.007059898288985855,0.0026832554933713315,0.0038480807967673815,0.008654117535601878,0.004389173444368043,0.00928036777491571,0.002303479081341834,0.003031709909857285,0.006239063387392532,0.004903140238179091,0.002178284264954031,0.009365611934820505,0.0037860694585533997,0.017270228268119872,0.004421221679975236,0.010511743083159207,0.006011294709941874,0.004954043289517113,0.005896556566645366,0.0038336884899415184,0.002741983224616536,0.0026524878927233373,0.012451729632422475,0.0025324043684165198,0.0032226278498663093,0.002838345230234974,0.00221294404766281,0.002633030422626665,0.0019676920937281048,0.0022208380542839165,0.0027185486455590835,0.008376122156651426,0.003932841279401333,0.006935412337291015,0.0069104121791833594,0.0023131606718882563,0.004607485494969648,0.0030895252003442534,0.0025731265914481763,0.004068098159461998,0.00345078632500499,0.0062293160189005915,0.0028013866146150415,0.004626055357182493,0.008158590446532847
0.008458001443518345,0.0061752977319475206,0.011660524937697174,0.00354291128121302,0.00807630157065395,0.00452334731767798,0.0040650597406874656,0.005290575479971857,0.0025202190292516447,0.010913063931711691,0.004199424060684568,0.006402174056113063,0.021858296719638445,0.004659417934441602,0.005631215537237325,0.004316825402050814,0.002666889376833543,0.006095900120964948,0.008577407255546897,0.002702851263403799,0.007646018917920307,0.0038286817183970433,0.002678287467060024,0.0046907779507657735,0.01734068199391686,0.0030960044301679914,0.0112004296454073,0.003971635683317661,0.007094381071265073,0.00970006481728195,0.00950727917964257,0.00398983593300605,0.0034958501248298327,0.004263882874080241,0.003817612852768385,0.0055773247948362305,0.0037880077920254425,0.004497965014630147,0.013965897692489754,0.0037888756611522984,0.003195362893053506,0.005240553157681847,0.007272816030327878,0.004461857112599856,0.012636504715050739,0.005924803605778863,0.023708666263897456,0.003003165333041603,0.011624963340916328,0.009216723959590249,0.006383974351568357,0.009390646872113613,0.003034283722742721,0.00514345829447531,0.012422943674058998,0.0029448344083618425,0.01197031768508793,0.010148866986469007,0.010131548269608256,0.007878119483878456,0.009336063332579705,0.005949669209359251,0.005191227795318026,0.008019137724859321,0.0060094976479469495,0.001781984049281503,0.0033573730362634192,0.012455534107792637,0.015907446444803363,0.007645866026754251,0.01172206592551663,0.008308612205876599,0.00862698434691661,0.009927057569372852,0.005551045170742091,0.006591483763319965,0.003200155700624185,0.0032129045871963223,0.005521998554063297,0.00807295401042357,0.003907175119424418,0.0036868918762829636,0.0040007983234677125,0.004438718629026873,0.008563188147048153,0.007799846044835208,0.0028333459294663677,0.00434004592329673,0.003390539222230869,0.007406962165314672,0.0057021463863838615,0.014077557659022332,0.005485146326788223,0.009159115678978971,0.005149598281535322,0.0068297780976429665,0.0031288518930153845,0.004469920352408376,0.005250193743272767,0.009404461917346925
0.0037591795518729775,0.0034572982976225123,0.0028270974292537556,0.005994718022863486,0.012736280709865195,0.016349057368250663,0.010270829406604872,0.004310140728292307,0.003591634138687327,0.00629427058986004,0.004049760331201236,0.004473650290413219,0.008193595071776938,0.010900573607199147,0.005038127170275722,0.021350976712149725,0.0066848725639952,0.004351680607067023,0.007012560261791805,0.00379766415155968,0.009046656407265754,0.005516769645073553,0.0072081739120145255,0.008188004956746769,0.03272399961323308,0.006229877021045694,0.013039166570430775,0.004201905487742697,0.00463143157078863,0.01737180503541432,0.013710800121678286,0.0036046567354960303,0.0076576272539995195,0.00296039534136108,0.0028473367762248073,0.004371903508602433,0.009567602016312356,0.004246174124091173,0.006325322701165691,0.004058911906932067,0.0028250732217157404,0.005823158282068694,0.0027582160498112102,0.003778153958978493,0.009054748060349328,0.00776678290455973,0.0108436455532553,0.015872822867316803,0.002487746768300739,0.005989791288519105,0.011728226453848769,0.0021267069033470663,0.00906050550031921,0.004616932031081888,0.02060862552259316,0.007456747380305382,0.003447998765510567,0.014999771867639972,0.007916160590288239,0.00774363476168788,0.005751140331843958,0.012181117759965198,0.008720757085508506,0.007061473274747065,0.00425680073876692,0.0034670563531889118,0.010301223328489928,0.01742602531856067,0.010115300878983434,0.0033693825087190133,0.012465974844371421,0.00869241445073373,0.004050006283481532,0.01555834628324799,0.010900615953299135,0.00713165186936294,0.0052502344025630214,0.004782279362552019,0.010761011410358307,0.004328829012683345,0.002096101735906555,0.00899652975857267,0.005320852801668195,0.004813791419750632,0.003271525075263756,0.004887373856150818,0.00897223931662706,0.005440094930104599,0.0051608475291461025,0.008450827792154541,0.003736861545113451,0.010587360078952402,0.013834966778202897,0.012342045862335557,0.008218113937363911,0.010566512483588465,0.0059727335708758544,0.0028837489049900523,0.002661535186218341,0.004950097037298582
0.021485989947091427,0.005841983824011361,0.004235411852603113,0.007893529027895176,0.007495282995233455,0.0048951061276596925,0.006102606046843095,0.010392457666843595,0.010556580058931802,0.020185134287767,0.005985633791595726,0.00799763169896964,0.06195810257413337,0.003682999064507335,0.002145400106715041,0.010400639042131907,0.007376503909276869,0.014192665482505643,0.020080210783005592,0.011742470956229267,0.007054389477487921,0.009731931449794663,0.0031544519857897215,0.017733360506903554,0.005147926801406853,0.007977698971203442,0.009086641198191586,0.004806286725855017,0.004862706816058925,0.01341701275166249,0.023853187782659286,0.0047221103330281075,0.008009446729400157,0.00482848798651442,0.00586378571913662,0.005179990907473513,0.005375331021648433,0.012353757891740575,0.005715278624602183,0.017221696030442348,0.004567089425224574,0.013597100006774922,0.010415696442743212,0.007626169005535226,0.0045950949970291425,0.007049144570167738,0.016659711475523115,0.006553740139704659,0.012691418806805438,0.00636439422704086,0.03263328805417356,0.004331075745570793,0.010298378338592212,0.007947848646054224,0.01771659465702164,0.017489946296123042,0.02003651478704794,0.029190588487882807,0.02092086585172841,0.014817153535956723,0.014448924749256447,0.003207772107324777,0.010776817170872558,0.007055630795640629,0.00830314006557383,0.01597122589352479,0.008131313435035356,0.005248613057832392,0.003969442771444179,0.016341433283870846,0.008964571115420933,0.004026310569628768,0.005505244004616684,0.009567232260947326,0.004535026814724891,0.00702244498210178,0.01612310881717031,0.00362868513234446,0.007029855886081783,0.008029577585407658,0.005716842354793873,0.00412166484314314,0.003697561528633007,0.002155727963579369,0.0029675441453266946,0.020986864699062656,0.006860195605557376,0.008790482792688103,0.01282989234205511,0.00781901587916896,0.011118653680552697,0.006387651472703145,0.00844378710692367,0.013325064608758638,0.006667571066317156,0.004968004801888607,0.011999946921513155,0.0039576479397022595,0.0026475736296726815,0.028733196411894063
0.05109567708333784,0.010834904144235286,0.03489044856293181,0.007995682180945731,0.005173909820088718,0.012116550051847235,0.007918857146843627,0.029246211170947427,0.011085927063210769,0.004274338938274367,0.007250501976088131,0.005194534558372828,0.05530141896957925,0.006943373263516925,0.010749229600121408,0.022133788947177054,0.01138069185517817,0.007151285851374272,0.009262972359831242,0.016515463174595103,0.01043498644174798,0.008694617288853668,0.005640570334873306,0.006325252099024094,0.019041520351831338,0.01874547355177585,0.024015476401387327,0.00544196191226628,0.014952714517491177,0.007361897360025312,0.011881343664944867,0.013416672109016004,0.008013284243732223,0.0047544692682487365,0.009230137165568841,0.006786666044299077,0.014150202974785189,0.006482663624082546,0.0041486616420312065,0.005907401553019175,0.02799625193626432,0.01995478364405755,0.054711641472769336,0.008911864934044708,0.00853674856071745,0.0149822937187789,0.016787875680780776,0.01644380135131595,0.013777501499017786,0.01393619974182633,0.010215278422858078,0.019890751461300232,0.013142193802763378,0.016199597602239296,0.02483837268303323,0.021710317938483083,0.015908172095946586,0.011806947199183142,0.006469858232418953,0.011219406491844589,0.02722617861955509,0.007792940917815704,0.007955887993856952,0.0047890588060017485,0.012287271042208548,0.0205113032964139,0.041054029527816505,0.01850362447646101,0.005894476477553084,0.011513492518414456,0.023612515394240727,0.023156980875269684,0.0028496397461843757,0.006532669409678518,0.012148857683451685,0.00510509971266611,0.007314978259841631,0.004095929027524153,0.005165692766832425,0.00961642272749617,0.007578290270784943,0.010004737468433828,0.007052690078525546,0.006293860005239339,0.005285127285935149,0.02393639084241166,0.022406710859793295,0.06714994393929542,0.017235234674985646,0.011426761377557975,0.020513461313313094,0.007894984070265634,0.009198447296490704,0.012368963652318841,0.010035321284247408,0.008703854749721195,0.02053336583735552,0.009511531956752079,0.004973224807654208,0.010170973431914693
0.01896847362134178,0.01776786175898328,0.0219261420591352,0.007199463476958363,0.013953031857483148,0.020806519676318216,0.010737997508174647,0.03499608639869394,0.028591992378715337,0.019381022837950027,0.02075218531071169,0.00872584033047463,0.05791212642095852,0.005222941415967916,0.031845971644865224,0.019177479443606912,0.018917584870826887,0.0066950995587835216,0.036079041851448626,0.02321472567170627,0.017422505477269597,0.005699294550239524,0.009956175951629719,0.019663929881113502,0.012475458062131304,0.023001665671165895,0.033367441062663664,0.011095347392236981,0.00850546162145868,0.008599972554895944,0.022323492953271816,0.020162233157053754,0.010391434588773993,0.011138246126452063,0.018268164855664727,0.012505061320257986,0.017926096927015,0.014110214685045759,0.010217468339980591,0.028273245776801095,0.018591723655853137,0.02777316208486998,0.013342156417807751,0.008621489798104055,0.010555837254661643,0.005152990821547581,0.021290999047610296,0.034090550930580485,0.015033713073036739,0.03015635080342047,0.013580662396767296,0.00597727778167108,0.004606144324292864,0.029128985920684147,0.009327335070709238,0.03913326109498057,0.023627419654932362,0.040480863134406866,0.014484245627404956,0.026017435843859828,0.011387484291097823,0.010785390657077593,0.019456265648869035,0.005492650459624253,0.024608282774045944,0.00784065129948026,0.0301520363099308,0.026742636349261068,0.02470850887418143,0.01472164253466344,0.03235535063747463,0.04085086137750507,0.032328412398621865,0.025382682004757264,0.04266255655758352,0.008895046925963334,0.02848835321498973,0.011159732442322044,0.006594600750388483,0.015923570379740556,0.01741425592172631,0.022366313779383057,0.008897000262329124,0.014133688456526848,0.01420509257550965,0.025365177336700427,0.028453320733137086,0.024305676987852156,0.020490447595343648,0.017695340612509238,0.03239198009006262,0.022457459030239994,0.017410574065950767,0.0158341303512179,0.014269046069102865,0.014941557898498886,0.018143243413660397,0.004714039195625843,0.007938239417208112,0.009558405342266917
0.009745924076652415,0.020202529947830842,0.0404331020831699,0.02263182863745084,0.01330426298710279,0.047605781055509784,0.010999973824444946,0.015324541081500368,0.03771621835303557,0.007235129532681666,0.017877181379968136,0.004984184729706653,0.025768850066336703,0.005748355307086366,0.02783552412841982,0.032669218830008694,0.015130856950891,0.016928591543386457,0.04887870099609701,0.06808188203017407,0.010169323714447079,0.01021627663321974,0.005039865018890205,0.02725831275352514,0.02215167327694358,0.04875216004552078,0.025822944602477724,0.01409261694144771,0.005778810392604607,0.016450907084134162,0.016052801602264962,0.008659524510194588,0.03394426140491355,0.007882179802009275,0.015108828497833227,0.0652074574758062,0.015394243739761598,0.023941238838605727,0.018932694625695804,0.0310496861890511,0.017527060342821105,0.014069889281960051,0.014347620872972791,0.005135795912227513,0.006107049961656595,0.007609020661780763,0.015361695508620406,0.03400718503385577,0.012341836786847183,0.023786935762093418,0.010249429115821223,0.011169812861749773,0.008245488477856349,0.0430871132616337,0.0227238105462167,0.025180931246597045,0.02577403843618875,0.05377373195111507,0.013230787014062512,0.055762032116702435,0.008057761342688478,0.012503462747494143,0.022075610966736447,0.01366064197879932,0.055593584988552346,0.023514948470804077,0.019142648075267988,0.033187969597186305,0.013589341798507503,0.00766670594308451,0.03388911645958177,0.02053580151273861,0.05631893803865309,0.011938903639892811,0.019336719461693633,0.025082712223846296,0.056751005242474804,0.00648477635376581,0.019139303063262215,0.006215038989231131,0.016197165899264024,0.016442513747906666,0.022803840096528107,0.010133428217479508,0.004970582160796364,0.04890377235638491,0.021572537279713495,0.04149628875364511,0.00923867286967801,0.056060191918645016,0.02281509635135569,0.01938166073486204,0.011429149668016619,0.0163312416750141,0.009724306093381782,0.009126495447151387,0.014891325195537772,0.027040990203389126,0.01910833059801933,0.01828697472815393
0.012362537698274249,0.01671125367486032,0.03933301722507605,0.024592980398606877,0.03298421654413302,0.04997370627846084,0.020277819724906256,0.02170509709921763,0.02173351776832178,0.02544721698703399,0.010859756484868718,0.015209447460734247,0.030807111085104977,0.02757446521233471,0.00882968035836207,0.06402937389743411,0.015122334941205873,0.020225472061058986,0.03090497186377303,0.10719087911801124,0.03181869277657027,0.012368398494718767,0.010975006980626515,0.03764631642388424,0.0126298750205,0.017565378393600978,0.057760503484568425,0.014164538751423067,0.010444846620041743,0.04348858606870134,0.035769710425314905,0.007178618348612187,0.07311328295073323,0.025390463958774964,0.030479353488451287,0.03494343746286353,0.041843803019437145,0.015302621584832046,0.022865273191989034,0.04076793694115415,0.027632910463948113,0.01692005946066827,0.019069541878029304,0.009757012583698545,0.013567349801544906,0.014088854007579239,0.025463280999845992,0.0384374697796605,0.015504632992553896,0.12757506692656484,0.010083964438583533,0.04554200035074295,0.012181922525034031,0.03616932265701827,0.02442734377829818,0.04008904782374135,0.024893398473233866,0.05227645320763082,0.03755591298946696,0.0681889246124281,0.027114559031302936,0.02002706087523599,0.0185721885510291,0.004432132231244967,0.02611336553884677,0.022224149836661617,0.038456554132475694,0.041021224764023055,0.01622198531686911,0.0733132785719359,0.009942051324757277,0.020265845963062204,0.13633394878764707,0.008372651141159733,0.008028525334663474,0.01641666872945576,0.0833913147615322,0.021900799158162253,0.014020138055744105,0.008312099123678737,0.01503907237307216,0.020546611199602056,0.011369126933448822,0.02723451103763546,0.019405330262409416,0.18546897271305432,0.01582288534939287,0.05240476494178798,0.03721253507298536,0.02995761035378439,0.07694102524854696,0.026169435260466906,0.0102573120461538,0.011083448178362983,0.013159318862288754,0.04052585219670853,0.05387782177934433,0.02167719520700349,0.023840298037383002,0.05379390148060797
0.02197317259652128,0.035447620607063135,0.01865621509517321,0.017446116511750213,0.016871084775615514,0.03854137023291834,0.027395806080213272,0.020280190465889823,0.023922247655755794,0.020397458619392586,0.01646302252727404,0.03924643171905096,0.029372451453103028,0.019825058456666197,0.006788252899490179,0.038927994969100585,0.01744289905136514,0.033849652505307005,0.044109508622849944,0.05858568176754438,0.023474882255964245,0.027840059502070268,0.015668277303136344,0.06624449392104795,0.07063963142669298,0.015961411483386975,0.10796207791535604,0.02743205779764109,0.015256251704893543,0.06837166088936243,0.013680629351340439,0.015202944473204359,0.041983698021785185,0.018308747791532545,0.07606454008526191,0.03535821958812691,0.1702649257310816,0.04348226541935491,0.030128838025753196,0.046884320269686905,0.014302180171157962,0.05768910776948695,0.030315028977402597,0.06150603146763796,0.012403702058897927,0.051840068144795394,0.03003529184155526,0.023656827622297656,0.06535234081007545,0.10126744939549687,0.02673914412477274,0.06310874080628795,0.037124234540022095,0.030102998579688622,0.05183898756411158,0.12547291502266775,0.08659644324322584,0.09103923011170237,0.02602549284045073,0.0447583892597213,0.01264970271698225,0.010153456293591837,0.11063243826470694,0.028208002082732695,0.010295797688976595,0.10142397413682341,0.09311162787811433,0.03670908643037792,0.03609951201309142,0.07714144390255918,0.04541006086879616,0.034253405116824696,0.1995479875431936,0.029954512123506326,0.0302778782219728,0.011532868363514553,0.02093480958635371,0.009395791783071013,0.030913177405411673,0.014457635475513477,0.018923853220849874,0.02167349261435671,0.09084360776553313,0.006356742490229393,0.021630961023280475,0.18447272059148118,0.015108021183332264,0.048118326704183506,0.012828423884344896,0.03039209354030056,0.09372779314328426,0.015094021408659033,0.01878493409512651,0.029194970627818687,0.03740879800906795,0.03207301161495068,0.05673955010714368,0.05168684892871044,0.026491869801306522,0.020978382409419422
0.021214716787478178,0.025238836342193465,0.10319122771035182,0.017551455547575416,0.06087154284438567,0.012827205958185478,0.03723789195393357,0.04904628502368267,0.05291651426549511,0.04676170557780806,0.042806224104788314,0.01628032395611417,0.05068356457565415,0.016221172878737887,0.02213795396550833,0.13055582524904952,0.006709944367017907,0.022544037142562146,0.05252133974511884,0.11214842875845475,0.03544126282739127,0.034442347644885456,0.01026154236086419,0.0476052416553756,0.0540434396782868,0.011268134802662257,0.040214042877319785,0.032595559401863886,0.004779105048130025,0.06564118568690319,0.04406099450331188,0.021910059412456172,0.05138296629382166,0.060366427924418764,0.04966553632391461,0.08294253882527099,0.15556097943767205,0.03965537901555831,0.05721716933758435,0.14137328037904964,0.03677688577554146,0.029821948323202386,0.05623026260575892,0.029924951373860125,0.019288551444843868,0.025939827223630904,0.017096237534921427,0.04787237403743935,0.029053563617945522,0.2733711960872628,0.03448473588150844,0.03883248024719738,0.03643153757432226,0.01864713800528073,0.08056324811361719,0.1318515498343023,0.05395998121835423,0.1459365630895826,0.07852907429728292,0.13328262651865516,0.021483916013135082,0.016807142848897186,0.06400353414429369,0.028614985434416474,0.028749755473079137,0.06546196673155975,0.07832487697827648,0.07214052378432508,0.07685300300123432,0.13078479896205045,0.028980237633431112,0.04412756025275395,0.3609914529670647,0.0162112778180504,0.03065687191762565,0.06711196581823288,0.015214706757984668,0.032477090406577716,0.058663563558584084,0.028415583413106335,0.1378743851483032,0.012846427738320806,0.08453648446997983,0.008036537815014101,0.024074347054355835,0.3492722418946434,0.057807039581356655,0.059042438899077405,0.04178624525143447,0.055410734761101324,0.046837563691952355,0.022419032669578617,0.015628077197990205,0.045619093329576484,0.04571771333136206,0.0299048847696217,0.053229649390446075,0.13175420934928736,0.01916915855132954,0.027789443907273198
0.017664048119477742,0.02585794208983772,0.10171387136641616,0.06338774901932577,0.05259948918458536,0.048868724813508096,0.0881863738042491,0.04224102001877886,0.05413592002669441,0.053022127677297665,0.03376974223544551,0.019899307997655883,0.07557454914078719,0.031072874870598316,0.036670897538370925,0.048867520048029044,0.01688321314769744,0.015421354014699946,0.05459660760630692,0.07656211853051802,0.059743923783792806,0.08440995031093872,0.013487135961040658,0.11586177225076208,0.04991300036809148,0.019095465449140134,0.06914668581969723,0.07348398987949818,0.0292448428648104,0.11748792223738284,0.03777084027925064,0.06158513323282326,0.11270766092021425,0.028610577196466678,0.04231342569358495,0.09635479100013418,0.1989326906735406,0.05731269206803892,0.0523228460010731,0.06317235934738452,0.042193087571061744,0.029737921228603185,0.03069309814604852,0.03649585519910806,0.015503912579080664,0.062026449354083614,0.011166569805309662,0.03865357971543555,0.055323256669789225,0.30294375954749464,0.07508754948160935,0.0559046926570819,0.04322004941125194,0.032321339301109205,0.0826768638071658,0.11514941386516181,0.08808336025565805,0.09782060392262364,0.08965850156621018,0.16886560072700338,0.013509064441017432,0.014440743859585383,0.04905911269735311,0.038455859265962296,0.04949627952995347,0.15043977263126437,0.10785437850213912,0.03249716187290555,0.11892449692367754,0.20458370511684837,0.08185002537715326,0.05245335862162353,0.17619732149270662,0.04939934966028449,0.02914674234641871,0.04389593286817989,0.06123975101456509,0.04165644826638914,0.06262265376769988,0.028239937552778455,0.08071096240480591,0.015044296540235964,0.1025282471528734,0.007515498971441568,0.029086709823937264,0.20012798430499124,0.030711270666207716,0.04095741439672662,0.05136088467754235,0.04544289981774946,0.1249158928888529,0.021660534308659565,0.03068040322671221,0.030842706940466393,0.05811386860099374,0.04921090746375951,0.08286177926091388,0.08593479353519,0.03147735958507728,0.04693034859672832
0.06492861508431474,0.03890983665058033,0.17674846745494596,0.033035688980611724,0.09394417307992046,0.03244874553706998,0.039756416879644256,0.03178170797833271,0.037469379067088845,0.04058023296199521,0.03886389417486567,0.04072671478777815,0.048686316768204965,0.023687516606402444,0.03722118265104634,0.04937985277791747,0.015666776360605802,0.03565863969353403,0.09881891218294506,0.06322027325591291,0.08190471699133658,0.12045190992907061,0.030712567485013005,0.05008674414538189,0.11628330788825693,0.016813478596184508,0.1462550780680676,0.04843226555407669,0.01478053896637451,0.08512060092042616,0.03345891198646241,0.07623943295199131,0.19687894308844656,0.03402321979515099,0.03889222725302037,0.2168511244960959,0.19243546177805582,0.0430887094019927,0.07821508180888886,0.09708824754566983,0.021247961452767188,0.05140948089104838,0.04622565870344395,0.050374481327810805,0.014699651229460204,0.12527916210325044,0.026466318923273273,0.06754587203277979,0.03967685355621886,0.16178393001557795,0.09428052744841009,0.14581133869328655,0.019567055487832878,0.02781978828054188,0.03823853751905225,0.10676364515076253,0.08425225671518197,0.0905047078890995,0.0566199644169566,0.2973271748124918,0.015981787970783052,0.028823068991310263,0.05134524610123387,0.027029916335503917,0.08301937788151591,0.10024616167290883,0.1664880122729711,0.01991922847497697,0.0845964233476064,0.35495250038852666,0.035237003836391736,0.024624064557706334,0.23675457009781492,0.10621606635547924,0.09696482587287547,0.08351650583997151,0.03487962089341494,0.08374468372978336,0.145501522167145,0.025860993737256116,0.1909966932549873,0.04667225557020912,0.09647205690764532,0.025423642968321565,0.014843078253750384,0.26721011018549407,0.04184148129450007,0.06964683503169784,0.05127263967272182,0.04596126355587804,0.1356589034589905,0.03064935865361636,0.02623794002418945,0.045094151112079366,0.03869125662400991,0.034387248831655455,0.07789122745195416,0.25052844473397473,0.0605963817122084,0.06578773748126239
0.04574959297830966,0.08088111745539055,0.20248130558706398,0.06853508086346119,0.12773149202140724,0.015597851877561499,0.10701365778459959,0.03520924504932254,0.05491405193089823,0.031209473382761845,0.10847847474678027,0.024545002930709263,0.05878137113276605,0.026106673156953558,0.025375787319267984,0.07818922083338076,0.007940402359720211,0.04234265586404418,0.07852992309000852,0.2057456986701594,0.04556502870801434,0.09189690018781323,0.02578572990354302,0.1016394094398759,0.08166416386156958,0.08590022013434989,0.07319064312572479,0.033588419602450556,0.025969009691554534,0.14931441820999733,0.09577705062458317,0.12429612183536777,0.5108917128839927,0.04148906194032632,0.04819223130941345,0.18759331144362315,0.07678030370888198,0.05182486829981432,0.08277752855049637,0.09323523049056687,0.04510735386376893,0.09305018228919118,0.06066555918477261,0.03935360232145123,0.018344964826401626,0.07390274935555727,0.037409395839367705,0.09927290167633748,0.034493425894366304,0.6581177918788941,0.1144439023666636,0.10983893000741031,0.0221944775597631,0.07748654213151547,0.049063927905041285,0.10208118145431469,0.0815583381021138,0.19321165036284377,0.08856658174926778,0.2642091921354142,0.022911375356660352,0.04414452179879702,0.06249975873414007,0.03638396392377556,0.11164696049648165,0.07866473160366244,0.16397170241123882,0.027283270622903453,0.14231455160711515,0.40748282158163385,0.09130428543666606,0.04402611823923499,0.39037937564008307,0.033954062939201016,0.1039844503247171,0.07545173387885322,0.08059326655079885,0.05258173073354121,0.08623072414582353,0.04484232093325212,0.19434536092224583,0.039963680718614655,0.11691914128794625,0.022942101866077386,0.027188207877528917,0.38537432239228653,0.09287699796860802,0.09599059640426293,0.08226270628801076,0.023382325251119114,0.30819087446147425,0.04942278002000493,0.023727111432337036,0.08828409138659406,0.06299454763082159,0.06316672075408948,0.046096035586491384,0.22006903895647445,0.1161853429858394,0.06729934876630764
0.06641972149881799,0.07272819476247823,0.2070223505554605,0.05151415168285972,0.1427207816761944,0.024056135602483084,0.07404608052871947,0.04268792866763443,0.0675836032495645,0.05379714174126465,0.15697497428171647,0.0445405913162517,0.0418754550459337,0.0629544788941595,0.07314546570459586,0.08202619603192415,0.009019893288847336,0.05951154609333542,0.04920705303137026,0.18240223455515595,0.08405155445783202,0.11459884939102824,0.029463096234614614,0.13127505563959185,0.16949274634174993,0.06014785087491679,0.07643574911456451,0.03926125186746034,0.02669131803607584,0.13856748558720874,0.08096009320469785,0.09225369842149131,0.19235102333459575,0.01649011422733008,0.059881577067625286,0.05772819855595256,0.23727108559739896,0.03289446217737745,0.052528007228321925,0.07095545679112353,0.028622652917869824,0.08299505818779333,0.04714308919794592,0.06760004676428706,0.05135283032608081,0.07786911339833995,0.0438499697820156,0.09771014157291844,0.03271357282573932,0.2835119143898168,0.08184476728723716,0.08246669323033418,0.03973226970599595,0.08367408274282431,0.04332265222458722,0.19776519203843843,0.11445636298178449,0.10016091418825242,0.09171770380852445,0.3267829005310848,0.06409307061483475,0.07751352955717601,0.04846845863214524,0.06242724112369499,0.09201587167011684,0.10446481558569833,0.3001874175574688,0.049310912412420874,0.21950377819361322,0.22847333799838102,0.056804764767298684,0.03744572940585928,0.23824637351610334,0.09846039262104268,0.115496224243464,0.13191191350496428,0.03748805114194636,0.07393170650707608,0.11098707633267874,0.026050305275421,0.39680040974957176,0.05001035024981203,0.1367253667942272,0.03140570520316021,0.032618561058453885,0.298796124829324,0.11217123213212249,0.11192896462639901,0.07357024971176428,0.04058118511243321,0.1905521818148815,0.0641218237492625,0.06238316052870402,0.049122048166502896,0.10903800761818089,0.041892788615685614,0.032354359574912686,0.3244963948322979,0.06929214023631919,0.07040988124415698
0.07202226891096263,0.06052470996726775,0.22098609853052775,0.061591797952119914,0.1705051518421421,0.03369385552960572,0.17308772916231613,0.03945620888531976,0.055781119937833426,0.0221178813856912,0.0783145983079715,0.07331574089334027,0.054202583767572664,0.04003442370461,0.03543643069786506,0.11282588400557382,0.013645496266682077,0.024489500404802914,0.09265273936760916,0.2909086139491624,0.040995725742975574,0.06629499275961004,0.025560014161179225,0.0934789367984775,0.12382189942815484,0.03411315660637741,0.09944192800315213,0.042823772261667455,0.03145580663698831,0.08075077282750351,0.060091663846980906,0.10864418843390063,0.4135574050955752,0.024928991160443573,0.03668557344019377,0.07842666173668181,0.05100427704821658,0.03408542813351533,0.04878666893820814,0.08553315994726325,0.017468470789036964,0.10907081470881469,0.08861221966563591,0.11306749402883343,0.05948694896964438,0.07208861856233698,0.015372981820429761,0.08824503496175636,0.050279423924652115,0.4942011420678046,0.07229509435260711,0.07899249805001655,0.05211492001134615,0.12666666571105384,0.10354848933772869,0.08012308778969764,0.08698223758770339,0.09762378241691169,0.04524662319980904,0.17486332815286468,0.03855627045999229,0.049674775241271,0.04212136370794456,0.03391327877643997,0.12515150378541925,0.08233639818262851,0.2349711252430809,0.021077036582752708,0.1667579124383307,0.22895970645180033,0.050944042300460825,0.05423713759903492,0.1263689085545629,0.07801068494561116,0.09943087133126145,0.19647621152844608,0.03855593250345565,0.043553378470384325,0.05905604994099411,0.044455469192730954,0.24507365319229565,0.029492494138075198,0.07374614735525281,0.02308095823085181,0.02090454192622636,0.12793491564796877,0.0701190408680833,0.0797506801552165,0.04896124834893055,0.04517567536365318,0.16369735428996854,0.03777678202202917,0.049326828202183974,0.11509296701855301,0.07741728076053185,0.0629393221992483,0.05628725873349106,0.2593262616513853,0.09853100905111986,0.14180551540008293
